{
    "Panoramas": [
        {
            "nombre": "SYjchM5",
            "numero": 1,
            "posicion": {
                "x": 0.0,
                "y": 0.0,
                "z": 0.0
            },
            "rotacion": {
                "x": 0.0,
                "y": 0.0,
                "z": 0.0
            },
            "Productos": [
                {
                    "id": "45",
                    "posicion": {
                        "x": -0.42811521887779238,
                        "y": 0.07212962955236435,
                        "z": 0.18004070222377778
                    },
                    "rotacion": {
                        "x": 8.758325576782227,
                        "y": 111.88993072509766,
                        "z": 359.18316650390627
                    },
                    "tamaño": {
                        "x": 500.0,
                        "y": 500.0
                    }
                },
                {
                    "id": "60",
                    "posicion": {
                        "x": -0.16691090166568757,
                        "y": -0.11328300833702088,
                        "z": 0.4245086908340454
                    },
                    "rotacion": {
                        "x": 346.052734375,
                        "y": 158.5358428955078,
                        "z": 357.8575134277344
                    },
                    "tamaño": {
                        "x": 1081.0,
                        "y": 750.0
                    }
                }
            ],
            "Pasos": [
                {
                    "nombre": "To-12",
                    "posicion": {
                        "x": 0.050371620804071429,
                        "y": -0.30000001192092898,
                        "z": 0.46006545424461367
                    },
                    "rotacion": {
                        "x": 90.0,
                        "y": 196.1380157470703,
                        "z": 0.0
                    },
                    "panorama": "12"
                }
            ]
        },
        {
            "nombre": "rm0ECeA",
            "numero": 2,
            "posicion": {
                "x": 0.0,
                "y": 0.0,
                "z": 12.0
            },
            "rotacion": {
                "x": 0.0,
                "y": 0.0,
                "z": 0.0
            },
            "Productos": [
                {
                    "id": "3",
                    "posicion": {
                        "x": -0.3426632881164551,
                        "y": 0.08189994096755982,
                        "z": 0.32385489344596865
                    },
                    "rotacion": {
                        "x": 0.0,
                        "y": 139.99998474121095,
                        "z": 0.0
                    },
                    "tamaño": {
                        "x": 350.0,
                        "y": 600.0
                    }
                },
                {
                    "id": "4",
                    "posicion": {
                        "x": -0.2933783531188965,
                        "y": 0.08189994096755982,
                        "z": 0.37314024567604067
                    },
                    "rotacion": {
                        "x": 0.0,
                        "y": 139.99998474121095,
                        "z": 0.0
                    },
                    "tamaño": {
                        "x": 500.0,
                        "y": 1000.0
                    }
                }
            ],
            "Pasos": []
        },
        {
            "nombre": "0t7k0Zc",
            "numero": 3,
            "posicion": {
                "x": 0.0,
                "y": 0.0,
                "z": 25.59000015258789
            },
            "rotacion": {
                "x": 0.0,
                "y": 0.0,
                "z": 0.0
            },
            "Productos": [
                {
                    "id": "1",
                    "posicion": {
                        "x": -0.45457571744918826,
                        "y": 0.11649104952812195,
                        "z": 0.026280613616108896
                    },
                    "rotacion": {
                        "x": 14.350577354431153,
                        "y": 93.30889129638672,
                        "z": 1.5608344078063965
                    },
                    "tamaño": {
                        "x": 500.0,
                        "y": 895.0
                    }
                },
                {
                    "id": "2",
                    "posicion": {
                        "x": -0.12800590693950654,
                        "y": -0.14280132949352265,
                        "z": 0.4290947914123535
                    },
                    "rotacion": {
                        "x": 342.3120422363281,
                        "y": 163.38922119140626,
                        "z": 358.564453125
                    },
                    "tamaño": {
                        "x": 1510.0,
                        "y": 1116.0
                    }
                }
            ],
            "Pasos": []
        },
        {
            "nombre": "2vgzGa7",
            "numero": 4,
            "posicion": {
                "x": 0.0,
                "y": 0.0,
                "z": 37.400001525878909
            },
            "rotacion": {
                "x": 0.0,
                "y": 0.0,
                "z": 0.0
            },
            "Productos": [],
            "Pasos": []
        },
        {
            "nombre": "wsyKie4",
            "numero": 5,
            "posicion": {
                "x": 0.0,
                "y": 0.0,
                "z": 49.5
            },
            "rotacion": {
                "x": 0.0,
                "y": 0.0,
                "z": 0.0
            },
            "Productos": [],
            "Pasos": []
        },
        {
            "nombre": "1zuxCuz",
            "numero": 6,
            "posicion": {
                "x": 0.0,
                "y": 0.0,
                "z": 63.29999923706055
            },
            "rotacion": {
                "x": 0.0,
                "y": 0.0,
                "z": 0.0
            },
            "Productos": [],
            "Pasos": []
        },
        {
            "nombre": "RvO7SDq",
            "numero": 7,
            "posicion": {
                "x": 0.0,
                "y": 0.0,
                "z": 76.66000366210938
            },
            "rotacion": {
                "x": 0.0,
                "y": 0.0,
                "z": 0.0
            },
            "Productos": [],
            "Pasos": []
        },
        {
            "nombre": "QCaBG9s",
            "numero": 8,
            "posicion": {
                "x": 0.0,
                "y": 0.0,
                "z": 88.0999984741211
            },
            "rotacion": {
                "x": 0.0,
                "y": 0.0,
                "z": 0.0
            },
            "Productos": [],
            "Pasos": []
        },
        {
            "nombre": "pMiV4ae",
            "numero": 9,
            "posicion": {
                "x": 0.0,
                "y": 0.0,
                "z": 99.83999633789063
            },
            "rotacion": {
                "x": 0.0,
                "y": 0.0,
                "z": 0.0
            },
            "Productos": [],
            "Pasos": []
        },
        {
            "nombre": "IAeaXOf",
            "numero": 10,
            "posicion": {
                "x": 0.0,
                "y": 0.0,
                "z": 110.5
            },
            "rotacion": {
                "x": 0.0,
                "y": 0.0,
                "z": 0.0
            },
            "Productos": [],
            "Pasos": []
        },
        {
            "nombre": "hEsaJ2T",
            "numero": 11,
            "posicion": {
                "x": 0.0,