{
    "Panoramas": [
        {
            "nombre": "SYjchM5",
            "numero": 1,
            "posicion": {
                "x": 0.0,
                "y": 0.0,
                "z": 0.0
            },
            "rotacion": {
                "x": 0.0,
                "y": 0.0,
                "z": 0.0
            },
            "Productos": [
                {
                    "id": "3",
                    "posicion": {
                        "x": -0.03426632285118103,
                        "y": 0.008189991116523743,
                        "z": 0.03238549083471298
                    },
                    "rotacion": {
                        "x": 0.0,
                        "y": 139.99998474121095,
                        "z": 0.0
                    },
                    "tama単o": {
                        "x": 350.0,
                        "y": 600.0
                    }
                },
                {
                    "id": "4",
                    "posicion": {
                        "x": -0.029337823390960695,
                        "y": 0.008189991116523743,
                        "z": 0.05590713024139404
                    },
                    "rotacion": {
                        "x": 0.0,
                        "y": 139.99998474121095,
                        "z": 0.0
                    },
                    "tama単o": {
                        "x": 500.0,
                        "y": 1000.0
                    }
                }
            ]
        },
        {
            "nombre": "rm0ECeA",
            "numero": 2,
            "posicion": {
                "x": 0.0,
                "y": 0.0,
                "z": 12.0
            },
            "rotacion": {
                "x": 0.0,
                "y": 0.0,
                "z": 0.0
            },
            "Productos": [
                {
                    "id": "3",
                    "posicion": {
                        "x": -0.3426632881164551,
                        "y": 0.08189994096755982,
                        "z": 0.32385489344596865
                    },
                    "rotacion": {
                        "x": 0.0,
                        "y": 139.99998474121095,
                        "z": 0.0
                    },
                    "tama単o": {
                        "x": 350.0,
                        "y": 600.0
                    }
                },
                {
                    "id": "4",
                    "posicion": {
                        "x": -0.2933783531188965,
                        "y": 0.08189994096755982,
                        "z": 0.37314024567604067
                    },
                    "rotacion": {
                        "x": 0.0,
                        "y": 139.99998474121095,
                        "z": 0.0
                    },
                    "tama単o": {
                        "x": 500.0,
                        "y": 1000.0
                    }
                }
            ]
        },
        {
            "nombre": "0t7k0Zc",
            "numero": 3,
            "posicion": {
                "x": 0.0,
                "y": 0.0,
                "z": 25.59000015258789
            },
            "rotacion": {
                "x": 0.0,
                "y": 0.0,
                "z": 0.0
            },
            "Productos": []
        },
        {
            "nombre": "2vgzGa7",
            "numero": 4,
            "posicion": {
                "x": 0.0,
                "y": 0.0,
                "z": 37.400001525878909
            },
            "rotacion": {
                "x": 0.0,
                "y": 0.0,
                "z": 0.0
            },
            "Productos": []
        },
        {
            "nombre": "wsyKie4",
            "numero": 5,
            "posicion": {
                "x": 0.0,
                "y": 0.0,
                "z": 49.5
            },
            "rotacion": {
                "x": 0.0,
                "y": 0.0,
                "z": 0.0
            },
            "Productos": []
        },
        {
            "nombre": "1zuxCuz",
            "numero": 6,
            "posicion": {
                "x": 0.0,
                "y": 0.0,
                "z": 63.29999923706055
            },
            "rotacion": {
                "x": 0.0,
                "y": 0.0,
                "z": 0.0
            },
            "Productos": []
        },
        {
            "nombre": "RvO7SDq",
            "numero": 7,
            "posicion": {
                "x": 0.0,
                "y": 0.0,
                "z": 76.66000366210938
            },
            "rotacion": {
                "x": 0.0,
                "y": 0.0,
                "z": 0.0
            },
            "Productos": []
        },
        {
            "nombre": "QCaBG9s",
            "numero": 8,
            "posicion": {
                "x": 0.0,
                "y": 0.0,
                "z": 88.0999984741211
            },
            "rotacion": {
                "x": 0.0,
                "y": 0.0,
                "z": 0.0
            },
            "Productos": []
        },
        {
            "nombre": "pMiV4ae",
            "numero": 9,
            "posicion": {
                "x": 0.0,
                "y": 0.0,
                "z": 99.83999633789063
            },
            "rotacion": {
                "x": 0.0,
                "y": 0.0,
                "z": 0.0
            },
            "Productos": []
        },
        {
            "nombre": "IAeaXOf",
            "numero": 10,
            "posicion": {
                "x": 0.0,
                "y": 0.0,
                "z": 110.5
            },
            "rotacion": {
                "x": 0.0,
                "y": 0.0,
                "z": 0.0
            },
            "Productos": []
        },
        {
            "nombre": "hEsaJ2T",
            "numero": 11,
            "posicion": {
                "x": 0.0,
                "y": 0.0,
                "z": 121.2699966430664
            },
            "rotacion": {
                "x": 0.0,
                "y": 0.0,
                "z": 0.0
            },
            "Productos": []
        },
        {
            "nombre": "hbgAzEA",
            "numero": 12,
            "posicion": {
                "x": 0.0,
                "y": 0.0,
                "z": 133.13999938964845
            },
            "rotacion": {
                "x": 0.0,
                "y": 0.0,
                "z": 0.0
            },
            "Productos": []
        },
        {
            "nombre": "vx3ClPP",
            "numero": 13,
            "posicion": {
                "x": 0.0,
                "y": 0.0,
                "z": 145.5
            },
            "rotacion": {
                "x": 0.0,
                "y": 0.0,
                "z": 0.0
            },
            "Productos": []
        },
        {
            "nombre": "Y24h0qD",
            "numero": 14,
            "posicion": {
                "x": 0.0,
                "y": 0.0,
                "z": 156.27000427246095
            },
            "rotacion": {
                "x": 0.0,
                "y": 0.0,
                "z": 0.0
            },
            "Productos": []
        },
        {
            "nombre": "qTxAlBN",
            "numero": 15,
            "posicion": {
                "x": 0.0,
                "y": 0.0,
                "z": 168.27000427246095
            },
            "rotacion": {
                "x": 0.0,
                "y": 0.0,
                "z": 0.0
            },
            "Productos": []
        },
        {
            "nombre": "cjiiZ56",
            "numero": 16,
            "posicion": {
                "x": 0.0,
                "y": 0.0,
                "z": 181.3800048828125
            },
            "rotacion": {
                "x": 0.0,
                "y": 0.0,
                "z": 0.0
            },